/M0/D X,/M0/D Y
0,1.098199222532292e-14
1e-09,6.646662490169108e-07
2e-09,1.723466878301224e-07
3e-09,1.213863430488739e-07
4e-09,1.617460239633287e-07
5e-09,2.740574696368905e-07
6e-09,5.393149956650077e-07
7e-09,1.116882609089945e-06
8e-09,2.309804184710137e-06
9.000000000000001e-09,4.615149162242675e-06
1e-08,8.614722519368381e-06
1.1e-08,1.456941422755537e-05
1.2e-08,2.206508252842074e-05
1.3e-08,2.972959107925229e-05
1.4e-08,3.497599307891769e-05
1.500000000000001e-08,3.755576859787029e-05
1.6e-08,3.860911964094724e-05
1.7e-08,3.904387697726048e-05
1.8e-08,3.935463262760577e-05
1.9e-08,3.979629967836071e-05
2e-08,4.038187893504469e-05
2.1e-08,4.099905265649392e-05
2.2e-08,4.154252119549414e-05
2.3e-08,4.19630345883683e-05
2.4e-08,4.226552149915008e-05
2.5e-08,4.24815104245626e-05
2.599999999999999e-08,3.787837022359121e-05
2.699999999999999e-08,4.101415429111475e-05
2.799999999999999e-08,4.189515043530756e-05
2.899999999999999e-08,4.236254052329202e-05
2.999999999999999e-08,4.275305151816279e-05
3.099999999999999e-08,4.31095939609604e-05
3.2e-08,4.341724703043522e-05
3.3e-08,4.366545773997939e-05
3.4e-08,4.38607312329736e-05
3.5e-08,4.401563654253029e-05
3.6e-08,4.414054747266336e-05
3.700000000000001e-08,4.424272284892783e-05
3.800000000000001e-08,4.432733903966031e-05
3.900000000000001e-08,4.439827816128034e-05
4.000000000000001e-08,4.445854929207888e-05
4.100000000000002e-08,4.451051724413661e-05
4.200000000000002e-08,4.455603839128037e-05
4.300000000000002e-08,4.459657939817282e-05
4.400000000000002e-08,4.463330704888837e-05
4.500000000000003e-08,4.466716757348665e-05
4.600000000000003e-08,4.469896751031747e-05
4.700000000000003e-08,4.472948401445962e-05
4.800000000000003e-08,4.475968180111682e-05
4.900000000000004e-08,4.479119478822939e-05
5.000000000000004e-08,4.482696502455316e-05
5.100000000000004e-08,2.819669338226475e-05
5.200000000000004e-08,3.794160774752473e-05
5.300000000000004e-08,4.146927875553664e-05
5.400000000000005e-08,4.254570827713249e-05
5.500000000000005e-08,4.292399006639434e-05
5.600000000000005e-08,4.311574262124387e-05
5.700000000000005e-08,4.325191368315968e-05
5.800000000000006e-08,4.336460924222347e-05
5.900000000000006e-08,4.346093795436012e-05
6.000000000000006e-08,4.354295840001819e-05
6.100000000000006e-08,4.361232139684478e-05
6.200000000000005e-08,4.367087722287325e-05
6.300000000000005e-08,4.372049382805258e-05
6.400000000000004e-08,4.376286997953929e-05
6.500000000000004e-08,4.379946021065986e-05
6.600000000000004e-08,4.383251530744853e-05
6.700000000000003e-08,4.386175713404276e-05
6.800000000000003e-08,4.388774608903384e-05
6.900000000000002e-08,4.391113195750898e-05
7.000000000000002e-08,4.393248290748991e-05
7.100000000000001e-08,4.395225619006805e-05
7.200000000000001e-08,4.397080816654395e-05
7.300000000000001e-08,4.398841520293161e-05
7.4e-08,4.400529590889119e-05
7.5e-08,4.40216321253906e-05
7.599999999999999e-08,4.029476497851732e-05
7.699999999999999e-08,4.282573623988333e-05
7.799999999999998e-08,4.326652035155928e-05
7.899999999999998e-08,4.33648873951816e-05
7.999999999999998e-08,4.340150635669437e-05
8.099999999999997e-08,4.342299764769696e-05
8.199999999999997e-08,4.343893941943891e-05
8.299999999999996e-08,4.345196801905567e-05
8.399999999999996e-08,4.346359206456838e-05
8.499999999999995e-08,4.34737840515748e-05
8.599999999999995e-08,4.348282731569659e-05
8.699999999999995e-08,4.349102004838482e-05
8.799999999999994e-08,4.349861155573364e-05
8.899999999999994e-08,4.350579544821469e-05
8.999999999999993e-08,4.351271775612976e-05
9.099999999999993e-08,4.351948844646414e-05
9.199999999999992e-08,4.35261918201099e-05
9.299999999999992e-08,4.35328938767111e-05
9.399999999999992e-08,4.353964623417037e-05
9.499999999999991e-08,4.354648705067633e-05
9.599999999999991e-08,4.355343990485663e-05
9.69999999999999e-08,4.35605119026582e-05
9.79999999999999e-08,4.356769234818916e-05
9.899999999999989e-08,4.357495303158015e-05
9.999999999999989e-08,4.358225058129699e-05
1.009999999999999e-07,1.963355050969328e-05
1.019999999999999e-07,3.199923882246101e-05
1.029999999999999e-07,3.668267475148551e-05
1.039999999999999e-07,3.844952902890154e-05
1.049999999999999e-07,3.922216360031094e-05
1.059999999999999e-07,3.965279780792935e-05
1.069999999999999e-07,3.993946194163338e-05
1.079999999999999e-07,4.014820956239612e-05
1.089999999999999e-07,4.030682793004178e-05
1.099999999999998e-07,4.043132142735804e-05
1.109999999999998e-07,4.053324666877414e-05
1.119999999999998e-07,4.062352660919572e-05
1.129999999999998e-07,4.071839698575404e-05
1.139999999999998e-07,4.083540399167399e-05
1.149999999999998e-07,4.097915433492517e-05
1.159999999999998e-07,4.114058077693094e-05
1.169999999999998e-07,4.13061335279965e-05
1.179999999999998e-07,4.146458050526253e-05
1.189999999999998e-07,4.160901671162391e-05
1.199999999999998e-07,4.173631366301474e-05
1.209999999999998e-07,4.184591655516062e-05
1.219999999999998e-07,4.193879414351398e-05
1.229999999999998e-07,4.201669800694461e-05
1.239999999999998e-07,4.208167876299491e-05
1.249999999999998e-07,4.213580322549439e-05
1.259999999999998e-07,3.840245629933037e-05
1.269999999999998e-07,4.07811074233501e-05
1.279999999999998e-07,4.122868935423054e-05
1.289999999999998e-07,4.135359805945859e-05
1.299999999999998e-07,4.1417039525278e-05
1.309999999999998e-07,4.146570716449759e-05
1.319999999999998e-07,4.150487101588728e-05
1.329999999999997e-07,4.153794302556553e-05
1.339999999999997e-07,4.156612472991513e-05
1.349999999999997e-07,4.159002848772832e-05
1.359999999999997e-07,4.161023890078558e-05
1.369999999999997e-07,4.162733579947951e-05
1.379999999999997e-07,4.164183682895225e-05
1.389999999999997e-07,4.165417587235676e-05
1.399999999999997e-07,4.166470890715295e-05
1.409999999999997e-07,4.167372749208173e-05
1.419999999999997e-07,4.168147130597619e-05
1.429999999999997e-07,4.168813816052303e-05
1.439999999999997e-07,4.169389190803594e-05
1.449999999999997e-07,4.169886877528242e-05
1.459999999999997e-07,4.170318246842637e-05
1.469999999999997e-07,4.170692828447115e-05
1.479999999999997e-07,4.171018641766651e-05
1.489999999999997e-07,4.171302461997424e-05
1.499999999999997e-07,4.171550034728452e-05
1.509999999999997e-07,2.400220992080375e-05
1.519999999999997e-07,3.36083103414056e-05
1.529999999999997e-07,3.733373668459611e-05
1.539999999999997e-07,3.861422207152866e-05
1.549999999999997e-07,3.911249270161707e-05
1.559999999999996e-07,3.936070915125621e-05
1.569999999999996e-07,3.951361130192613e-05
1.579999999999996e-07,3.962168629995734e-05
1.589999999999996e-07,3.970554384484295e-05
1.599999999999996e-07,3.977767430345451e-05
1.609999999999996e-07,3.984912096248488e-05
1.619999999999996e-07,3.992786895794022e-05
1.629999999999996e-07,4.001550178319214e-05
1.639999999999996e-07,4.01083593470779e-05
1.649999999999996e-07,4.020111572608868e-05
1.659999999999996e-07,4.028929906052251e-05
1.669999999999996e-07,4.037010418854222e-05
1.679999999999996e-07,4.044223648740148e-05
1.689999999999996e-07,4.050546024783644e-05
1.699999999999996e-07,4.056017237656007e-05
1.709999999999996e-07,4.060709881340499e-05
1.719999999999996e-07,4.064709288705905e-05
1.729999999999996e-07,4.068103052682296e-05
1.739999999999996e-07,4.071119631600985e-05
1.749999999999996e-07,4.07370115225184e-05
1.759999999999996e-07,3.67564771234791e-05
1.769999999999996e-07,3.933130620518754e-05
1.779999999999996e-07,3.981153926557285e-05
1.789999999999996e-07,3.993541470853564e-05
1.799999999999995e-07,3.999056970689574e-05
1.809999999999995e-07,4.00295962373012e-05
1.819999999999995e-07,4.005838869179871e-05
1.829999999999995e-07,4.008121767589005e-05
1.839999999999995e-07,4.009988491066257e-05
1.849999999999995e-07,4.011522449605531e-05
1.859999999999995e-07,4.012778746845674e-05
1.869999999999995e-07,4.013803235339104e-05
1.879999999999995e-07,4.014635942236677e-05
1.889999999999995e-07,4.01531127484803e-05
1.899999999999995e-07,4.015858171695823e-05
1.909999999999995e-07,4.016300601580821e-05
1.919999999999995e-07,4.016658240791214e-05
1.929999999999995e-07,4.01694716154669e-05
1.939999999999995e-07,4.017180452476359e-05
1.949999999999995e-07,4.017368749839396e-05
1.959999999999995e-07,4.017520682693064e-05
1.969999999999995e-07,4.017643242318391e-05
1.979999999999995e-07,4.017742086972114e-05
1.989999999999995e-07,4.017821792121638e-05
1.999999999999995e-07,4.017886055121963e-05
2.009999999999995e-07,7.332940547411596e-06
2.019999999999995e-07,1.482852277583863e-05
2.029999999999994e-07,2.118108658235522e-05
2.039999999999994e-07,2.704724660813501e-05
2.049999999999994e-07,3.118785721664344e-05
2.059999999999994e-07,3.340164645634251e-05
2.069999999999994e-07,3.455993981874859e-05
2.079999999999994e-07,3.519442446639979e-05
2.089999999999994e-07,3.557504725533084e-05
2.099999999999994e-07,3.58425678916865e-05
2.109999999999994e-07,3.611431938981797e-05
2.119999999999994e-07,3.646835208706096e-05
2.129999999999994e-07,3.688151989323393e-05
2.139999999999994e-07,3.727689939475506e-05
2.149999999999994e-07,3.75968559758292e-05
2.159999999999994e-07,3.783397069713747e-05
2.169999999999994e-07,3.800712192408141e-05
2.179999999999994e-07,3.813572742272179e-05
2.189999999999994e-07,3.823364957283169e-05
2.199999999999994e-07,3.831022536381744e-05
2.209999999999994e-07,3.837178153479139e-05
2.219999999999994e-07,3.842267269638799e-05
2.229999999999994e-07,3.846742122376191e-05
2.239999999999994e-07,3.850603277578663e-05
2.249999999999994e-07,3.853989191367641e-05
2.259999999999994e-07,3.499048121098779e-05
2.269999999999993e-07,3.736687138118689e-05
2.279999999999993e-07,3.792321436030844e-05
2.289999999999993e-07,3.809075737044958e-05
2.299999999999993e-07,3.816049101873056e-05
2.309999999999993e-07,3.820040804976664e-05
2.319999999999993e-07,3.82292190363501e-05
2.329999999999993e-07,3.82538576849133e-05
2.339999999999993e-07,3.827499438215679e-05
2.349999999999993e-07,3.829377826796723e-05
2.359999999999993e-07,3.831101081876223e-05
2.369999999999993e-07,3.832719968281179e-05
2.379999999999993e-07,3.834267806870376e-05
2.389999999999993e-07,3.835768086022235e-05
2.399999999999993e-07,3.837239591249883e-05
2.409999999999994e-07,3.838700282457124e-05
2.419999999999994e-07,3.840169583289572e-05
2.429999999999994e-07,3.841667818516484e-05
2.439999999999994e-07,3.843211758699355e-05
2.449999999999995e-07,3.844807482892225e-05
2.459999999999995e-07,3.846444689148324e-05
2.469999999999995e-07,3.848096578639298e-05
2.479999999999995e-07,3.849725774477444e-05
2.489999999999995e-07,3.851293030129356e-05
2.499999999999996e-07,3.852764770045186e-05
2.509999999999996e-07,2.238706715937983e-05
2.519999999999996e-07,3.185440708035683e-05
2.529999999999996e-07,3.540448637239948e-05
2.539999999999997e-07,3.651173671455135e-05
2.549999999999997e-07,3.688698732982436e-05
2.559999999999997e-07,3.707503294621957e-05
2.569999999999997e-07,3.720668299328864e-05
2.579999999999997e-07,3.730939906866015e-05
2.589999999999998e-07,3.739089800973717e-05
2.599999999999998e-07,3.745595080534341e-05
2.609999999999998e-07,3.750850930759625e-05
2.619999999999998e-07,3.75517534152922e-05
2.629999999999999e-07,3.758807917957122e-05
2.639999999999999e-07,3.761923387736823e-05
2.649999999999999e-07,3.764647150243029e-05
2.659999999999999e-07,3.767068816687582e-05
2.669999999999999e-07,3.769252739010587e-05
2.68e-07,3.771245651394669e-05
2.69e-07,3.77308201575014e-05
2.7e-07,3.774787695278978e-05
2.71e-07,3.776404846897617e-05
2.720000000000001e-07,3.777924031257779e-05
2.730000000000001e-07,3.779355807050623e-05
2.740000000000001e-07,3.780711406494647e-05
2.750000000000001e-07,3.781999905355052e-05
2.760000000000001e-07,3.417160598432372e-05
2.770000000000002e-07,3.674151878840778e-05
2.780000000000002e-07,3.725450303111573e-05
2.790000000000002e-07,3.73741626871936e-05
2.800000000000002e-07,3.741287917190977e-05
2.810000000000003e-07,3.743170583306955e-05
2.820000000000003e-07,3.744430520583157e-05
2.830000000000003e-07,3.745425328868889e-05
2.840000000000003e-07,3.746274404144137e-05
2.850000000000003e-07,3.747030402440634e-05
2.860000000000004e-07,3.747721916027994e-05
2.870000000000004e-07,3.748377672708377e-05
2.880000000000004e-07,3.748995197878391e-05
2.890000000000004e-07,3.749580240710408e-05
2.900000000000005e-07,3.750138559569995e-05
2.910000000000005e-07,3.75067435678793e-05
2.920000000000005e-07,3.751190433418865e-05
2.930000000000005e-07,3.751688640486973e-05
2.940000000000005e-07,3.752170255935005e-05
2.950000000000006e-07,3.752636231929703e-05
2.960000000000006e-07,3.753087338483614e-05
2.970000000000006e-07,3.753524240180988e-05
2.980000000000006e-07,3.753947534797951e-05
2.990000000000007e-07,3.754357772180433e-05
3.000000000000007e-07,3.754755463672716e-05
3.010000000000007e-07,1.191737959084101e-05
3.020000000000007e-07,2.112099109526177e-05
3.030000000000007e-07,2.696043952547722e-05
3.040000000000008e-07,3.068541495587193e-05
3.050000000000008e-07,3.252630202831895e-05
3.060000000000008e-07,3.342543429116773e-05
3.070000000000008e-07,3.389697107114687e-05
3.080000000000009e-07,3.417402438575079e-05
3.090000000000009e-07,3.436208168750045e-05
3.100000000000009e-07,3.451435752065569e-05
3.110000000000009e-07,3.467870265072023e-05
3.120000000000009e-07,3.489577170613327e-05
3.13000000000001e-07,3.516118612422781e-05
3.14000000000001e-07,3.544072518391028e-05
3.15000000000001e-07,3.570132263842088e-05
3.16000000000001e-07,3.592416209055146e-05
3.170000000000011e-07,3.610393657468168e-05
3.180000000000011e-07,3.624385371694783e-05
3.190000000000011e-07,3.635089981661431e-05
3.200000000000011e-07,3.643265525153943e-05
3.210000000000011e-07,3.649568993347002e-05
3.220000000000012e-07,3.654512178847982e-05
3.230000000000012e-07,3.658466463184097e-05
3.240000000000012e-07,3.66169588061309e-05
3.250000000000012e-07,3.664386112904742e-05
3.260000000000013e-07,3.293946673151381e-05
3.270000000000013e-07,3.535085977256312e-05
3.280000000000013e-07,3.584539042687328e-05
3.290000000000013e-07,3.598667195545578e-05
3.300000000000013e-07,3.605497920887801e-05
3.310000000000014e-07,3.610199429747009e-05
3.320000000000014e-07,3.613892700240091e-05
3.330000000000014e-07,3.616907866954988e-05
3.340000000000014e-07,3.619405330119913e-05
3.350000000000015e-07,3.621494486084548e-05
3.360000000000015e-07,3.62325864354591e-05
3.370000000000015e-07,3.624762364411446e-05
3.380000000000015e-07,3.626101891323054e-05
3.390000000000015e-07,3.627267292188545e-05
3.400000000000016e-07,3.6282818057755e-05
3.410000000000016e-07,3.629169800219852e-05
3.420000000000016e-07,3.629951556589136e-05
3.430000000000016e-07,3.630643558575039e-05
3.440000000000017e-07,3.631259245835968e-05
3.450000000000017e-07,3.631809607188364e-05
3.460000000000017e-07,3.632303656232456e-05
3.470000000000017e-07,3.632748827236464e-05
3.480000000000017e-07,3.633151298119507e-05
3.490000000000018e-07,3.633516245740787e-05
3.500000000000018e-07,3.633848043970996e-05
3.510000000000018e-07,1.745525577855195e-05
3.520000000000018e-07,2.687322116201488e-05
3.530000000000019e-07,3.106788444524089e-05
3.540000000000019e-07,3.274360937959708e-05
3.550000000000019e-07,3.342477082579363e-05
3.560000000000019e-07,3.374390866257749e-05
3.570000000000019e-07,3.394272474256279e-05
3.58000000000002e-07,3.412965215846723e-05
3.59000000000002e-07,3.433913062196637e-05
3.60000000000002e-07,3.456089848962591e-05
3.61000000000002e-07,3.477334738301077e-05
3.620000000000021e-07,3.496129293311814e-05
3.630000000000021e-07,3.51188416378836e-05
3.640000000000021e-07,3.524652963000303e-05
3.650000000000021e-07,3.534803181740117e-05
3.660000000000021e-07,3.542795895445379e-05
3.670000000000022e-07,3.549071817487767e-05
3.680000000000022e-07,3.554007889403463e-05
3.690000000000022e-07,3.557901960306197e-05
3.700000000000022e-07,3.560991003993979e-05
3.710000000000023e-07,3.563455208479359e-05
3.720000000000023e-07,3.56543188853451e-05
3.730000000000023e-07,3.567025837151832e-05
3.740000000000023e-07,3.568317356986108e-05
3.750000000000023e-07,3.569368353091974e-05
3.760000000000024e-07,3.140592548575557e-05
3.770000000000024e-07,3.405123992444213e-05
3.780000000000024e-07,3.463525176440783e-05
3.790000000000024e-07,3.482805266192103e-05
3.800000000000024e-07,3.492867959157098e-05
3.810000000000025e-07,3.499537325340397e-05
3.820000000000025e-07,3.504381638308381e-05
3.830000000000025e-07,3.508017424765343e-05
3.840000000000025e-07,3.510791886452837e-05
3.850000000000026e-07,3.512924315373248e-05
3.860000000000026e-07,3.514569280182616e-05
3.870000000000026e-07,3.515840738771324e-05
3.880000000000026e-07,3.516824578420646e-05
3.890000000000026e-07,3.517586304825232e-05
3.900000000000027e-07,3.518223091938914e-05
3.910000000000027e-07,3.518722306520856e-05
3.920000000000027e-07,3.519102566133197e-05
3.930000000000027e-07,3.51938791463306e-05
3.940000000000028e-07,3.519600255232486e-05
3.950000000000028e-07,3.519757525521062e-05
3.960000000000028e-07,3.519873713381485e-05
3.970000000000028e-07,3.519959442871345e-05
3.980000000000028e-07,3.520022664530814e-05
3.990000000000029e-07,3.520069279758392e-05
4.000000000000029e-07,3.520103650436768e-05
4.010000000000029e-07,-3.80451419902883e-08
4.020000000000029e-07,1.606085715190981e-06
4.03000000000003e-07,2.916445854396674e-06
4.04000000000003e-07,5.095747111707261e-06
4.05000000000003e-07,8.294601669201303e-06
4.06000000000003e-07,1.239431580524317e-05
4.07000000000003e-07,1.697790512884576e-05
4.080000000000031e-07,2.150238621030927e-05
4.090000000000031e-07,2.545768611079472e-05
4.100000000000031e-07,2.845020870277964e-05
4.110000000000031e-07,3.029024688038842e-05
4.120000000000032e-07,3.129280080790451e-05
4.130000000000032e-07,3.1844783825428e-05
4.140000000000032e-07,3.216603614292173e-05
4.150000000000032e-07,3.236889706401935e-05
4.160000000000032e-07,3.251061352242226e-05
4.170000000000033e-07,3.261933765693408e-05
4.180000000000033e-07,3.270987525898337e-05
4.190000000000033e-07,3.279055090011898e-05
4.200000000000033e-07,3.286776862635812e-05
4.210000000000034e-07,3.294968691438371e-05
4.220000000000034e-07,3.304428489919482e-05
4.230000000000034e-07,3.315288039051925e-05
4.240000000000034e-07,3.326926056773529e-05
4.250000000000034e-07,3.33844174003284e-05
4.260000000000035e-07,2.971348830848401e-05
4.270000000000035e-07,3.188435727081646e-05
4.280000000000035e-07,3.260416870786359e-05
4.290000000000035e-07,3.291232698068288e-05
4.300000000000036e-07,3.307397191912219e-05
4.310000000000036e-07,3.317484547353835e-05
4.320000000000036e-07,3.324597140119436e-05
4.330000000000036e-07,3.32994331534571e-05
4.340000000000036e-07,3.334063084233524e-05
4.350000000000037e-07,3.337255581267381e-05
4.360000000000037e-07,3.339725318058941e-05
4.370000000000037e-07,3.341628046107559e-05
4.380000000000037e-07,3.343087572025084e-05
4.390000000000038e-07,3.344202942040826e-05
4.400000000000038e-07,3.345052765441329e-05
4.410000000000038e-07,3.345698775843853e-05
4.420000000000038e-07,3.346232044116441e-05
4.430000000000038e-07,3.346640741363708e-05
4.440000000000039e-07,3.346943124710898e-05
4.450000000000039e-07,3.347162774524986e-05
4.460000000000039e-07,3.347320733819802e-05
4.470000000000039e-07,3.347433700696837e-05
4.48000000000004e-07,3.347514245106273e-05
4.49000000000004e-07,3.347571577680351e-05
4.50000000000004e-07,3.347612350984329e-05
4.51000000000004e-07,1.65330217209726e-05
4.52000000000004e-07,2.457494378580262e-05
4.530000000000041e-07,2.851356888117609e-05
4.540000000000041e-07,3.032242685017363e-05
4.550000000000041e-07,3.114549732769703e-05
4.560000000000041e-07,3.154189905317449e-05
4.570000000000042e-07,3.175371150498899e-05
4.580000000000042e-07,3.18840525916852e-05
4.590000000000042e-07,3.197713605905551e-05
4.600000000000042e-07,3.205179521557654e-05
4.610000000000042e-07,3.211667441177289e-05
4.620000000000043e-07,3.217612662361203e-05
4.630000000000043e-07,3.223307416983787e-05
4.640000000000043e-07,3.229074027374044e-05
4.650000000000043e-07,3.235282036519101e-05
4.660000000000044e-07,3.242123564219409e-05
4.670000000000044e-07,3.24943728412048e-05
4.680000000000044e-07,3.256811312584928e-05
4.690000000000044e-07,3.263806122430241e-05
4.700000000000044e-07,3.270102549301082e-05
4.710000000000045e-07,3.275539770101865e-05
4.720000000000045e-07,3.280088264965236e-05
4.730000000000045e-07,3.283803466031077e-05
4.740000000000045e-07,3.286784000292533e-05
4.750000000000046e-07,3.289144019388645e-05
4.760000000000046e-07,2.894041109965398e-05
4.770000000000046e-07,3.131206617698363e-05
4.780000000000046e-07,3.199065338300096e-05
4.790000000000045e-07,3.222873441188233e-05
4.800000000000045e-07,3.233226730535993e-05
4.810000000000045e-07,3.238883272330275e-05
4.820000000000044e-07,3.242614208921551e-05
4.830000000000044e-07,3.245354690447825e-05
4.840000000000044e-07,3.247460015666918e-05
4.850000000000044e-07,3.249099764894599e-05
4.860000000000043e-07,3.250480946282478e-05
4.870000000000043e-07,3.251570042732729e-05
4.880000000000043e-07,3.252400445289474e-05
4.890000000000042e-07,3.253020868934983e-05
4.900000000000042e-07,3.253478454429891e-05
4.910000000000042e-07,3.253813267128981e-05
4.920000000000041e-07,3.254057121819729e-05
4.930000000000041e-07,3.254234272873762e-05
4.940000000000041e-07,3.254362777379127e-05
4.95000000000004e-07,3.254455908594369e-05
4.96000000000004e-07,3.254523361178021e-05
4.97000000000004e-07,3.254572193023949e-05
4.98000000000004e-07,3.254607532687777e-05
4.990000000000039e-07,3.2546331018961e-05
5.000000000000039e-07,3.254651598774695e-05
5.010000000000039e-07,5.256241277565861e-06
5.020000000000038e-07,1.040436714733489e-05
5.030000000000038e-07,1.501577586323074e-05
5.040000000000038e-07,1.95696340488065e-05
5.050000000000037e-07,2.35342504093431e-05
5.060000000000037e-07,2.65688690654629e-05
5.070000000000037e-07,2.858480702970047e-05
5.080000000000036e-07,2.972610499936397e-05
5.090000000000036e-07,3.033135230488769e-05
5.100000000000036e-07,3.066482611463779e-05
5.110000000000036e-07,3.086496485403867e-05
5.120000000000035e-07,3.099794889087595e-05
5.130000000000035e-07,3.110160676749412e-05
5.140000000000035e-07,3.118093992922512e-05
5.150000000000034e-07,3.124530935442412e-05
5.160000000000034e-07,3.130097297195949e-05
5.170000000000034e-07,3.135116633286329e-05
5.180000000000033e-07,3.139746211335486e-05
5.190000000000033e-07,3.144071031923118e-05
5.200000000000033e-07,3.148149014308443e-05
5.210000000000032e-07,3.152029648392667e-05
5.220000000000032e-07,3.155764197213715e-05
5.230000000000032e-07,3.159416557374418e-05
5.240000000000032e-07,3.163072572003046e-05
5.250000000000031e-07,3.166828791164058e-05
5.260000000000031e-07,2.791564415634682e-05
5.270000000000031e-07,3.028740948276971e-05
5.28000000000003e-07,3.098455912333184e-05
5.29000000000003e-07,3.122762202306716e-05
5.30000000000003e-07,3.132805566705365e-05
5.310000000000029e-07,3.138041785161624e-05
5.320000000000029e-07,3.141603737482453e-05
5.330000000000029e-07,3.144524432618809e-05
5.340000000000028e-07,3.147115764490335e-05
5.350000000000028e-07,3.149450404699124e-05
5.360000000000028e-07,3.15153329698085e-05
5.370000000000028e-07,3.153360468748659e-05
5.380000000000027e-07,3.154935891191065e-05
5.390000000000027e-07,3.156273864918224e-05
5.400000000000027e-07,3.157395889227727e-05
5.410000000000026e-07,3.158385149463213e-05
5.420000000000026e-07,3.159213135752638e-05
5.430000000000026e-07,3.159886374366416e-05
5.440000000000025e-07,3.160423538563488e-05
5.450000000000025e-07,3.160846705631222e-05
5.460000000000025e-07,3.1611773133249e-05
5.470000000000024e-07,3.161434262833669e-05
5.480000000000024e-07,3.161633308251861e-05
5.490000000000024e-07,3.161787161179318e-05
5.500000000000024e-07,3.161905896265008e-05
5.510000000000023e-07,1.466942711701534e-05
5.520000000000023e-07,2.231054182609815e-05
5.530000000000023e-07,2.591426833395092e-05
5.540000000000022e-07,2.801947543848187e-05
5.550000000000022e-07,2.915144599365829e-05
5.560000000000022e-07,2.972305708234791e-05
5.570000000000021e-07,3.002367179123988e-05
5.580000000000021e-07,3.019939054507224e-05
5.590000000000021e-07,3.031546728832331e-05
5.60000000000002e-07,3.040572948763103e-05
5.61000000000002e-07,3.047519565370579e-05
5.62000000000002e-07,3.053188411735834e-05
5.63000000000002e-07,3.058080585990513e-05
5.640000000000019e-07,3.062446071180356e-05
5.650000000000019e-07,3.066410231540749e-05
5.660000000000019e-07,3.070047352865576e-05
5.670000000000018e-07,3.073410541262442e-05
5.680000000000018e-07,3.076541429853304e-05
5.690000000000018e-07,3.079473356005239e-05
5.700000000000017e-07,3.082233062384826e-05
5.710000000000017e-07,3.084842117808063e-05
5.720000000000017e-07,3.087318154454037e-05
5.730000000000017e-07,3.089675890982386e-05
5.740000000000016e-07,3.091927971191129e-05
5.750000000000016e-07,3.094085681256041e-05
5.760000000000016e-07,2.696673636005265e-05
5.770000000000015e-07,2.965720290185401e-05
5.780000000000015e-07,3.033241623043809e-05
5.790000000000015e-07,3.052247373269197e-05
5.800000000000014e-07,3.058688042342763e-05
5.810000000000014e-07,3.061616299609528e-05
5.820000000000014e-07,3.063646398724019e-05
5.830000000000013e-07,3.065193313761905e-05
5.840000000000013e-07,3.066574957471494e-05
5.850000000000013e-07,3.067900617343664e-05
5.860000000000013e-07,3.06918659625133e-05
5.870000000000012e-07,3.07042896250501e-05
5.880000000000012e-07,3.071625022548085e-05
5.890000000000012e-07,3.072774968861039e-05
5.900000000000011e-07,3.073879879814553e-05
5.910000000000011e-07,3.074940399258936e-05
5.920000000000011e-07,3.075956251937948e-05
5.93000000000001e-07,3.07692616502903e-05
5.94000000000001e-07,3.077847990939511e-05
5.95000000000001e-07,3.078718984385552e-05
5.960000000000009e-07,3.079536201759137e-05
5.970000000000009e-07,3.080296954324509e-05
5.980000000000009e-07,3.080999225550412e-05
5.990000000000009e-07,3.081641976068779e-05
6.000000000000008e-07,3.08222529664088e-05
6.010000000000008e-07,2.889921088612841e-07
6.020000000000008e-07,2.137547739541456e-06
6.030000000000007e-07,3.779183478375198e-06
6.040000000000007e-07,6.28382834826469e-06
6.050000000000007e-07,9.610667891135706e-06
6.060000000000006e-07,1.343405739233533e-05
6.070000000000006e-07,1.72799302265011e-05
6.080000000000006e-07,2.07266543149661e-05
6.090000000000005e-07,2.352025017708731e-05
6.100000000000005e-07,2.559956237795447e-05
6.110000000000005e-07,2.703832922975997e-05
6.120000000000005e-07,2.797432033509485e-05
6.130000000000004e-07,2.85545517677119e-05
6.140000000000004e-07,2.890823863771851e-05
6.150000000000004e-07,2.912828582803371e-05
6.160000000000003e-07,2.927310576764086e-05
6.170000000000003e-07,2.938198364352997e-05
6.180000000000003e-07,2.946049353269019e-05
6.190000000000002e-07,2.951977791585813e-05
6.200000000000002e-07,2.956765002359172e-05
6.210000000000002e-07,2.960834249932377e-05
6.220000000000001e-07,2.964399488562983e-05
6.230000000000001e-07,2.967576015777379e-05
6.240000000000001e-07,2.970436383350228e-05
6.250000000000001e-07,2.973033145768644e-05
6.26e-07,2.604677691508836e-05
6.27e-07,2.82450028889696e-05
6.28e-07,2.889411880959998e-05
6.289999999999999e-07,2.912415696115168e-05
6.299999999999999e-07,2.922096022133856e-05
6.309999999999999e-07,2.927105693749297e-05
6.319999999999998e-07,2.930633224664663e-05
6.329999999999998e-07,2.933173182931773e-05
6.339999999999998e-07,2.935243216401285e-05
6.349999999999997e-07,2.937089628680587e-05
6.359999999999997e-07,2.938792654848273e-05
6.369999999999997e-07,2.9403736766743e-05
6.379999999999997e-07,2.941841949459104e-05
6.389999999999996e-07,2.943206855278505e-05
6.399999999999996e-07,2.944478496624232e-05
6.409999999999996e-07,2.945666466929353e-05
6.419999999999995e-07,2.946779218250321e-05
6.429999999999995e-07,2.947824008349417e-05
6.439999999999995e-07,2.948807069861043e-05
6.449999999999994e-07,2.949733801657937e-05
6.459999999999994e-07,2.950608923177714e-05
6.469999999999994e-07,2.951436590474638e-05
6.479999999999993e-07,2.95222048504368e-05
6.489999999999993e-07,2.952963884349127e-05
6.499999999999993e-07,2.953669719366061e-05
6.509999999999993e-07,8.427670716525636e-06
6.519999999999992e-07,1.352815925844522e-05
6.529999999999992e-07,1.771111939816775e-05
6.539999999999992e-07,2.119572655119638e-05
6.549999999999991e-07,2.380188531780665e-05
6.559999999999991e-07,2.558751108983876e-05
6.569999999999991e-07,2.673980576845598e-05
6.57999999999999e-07,2.745883547872229e-05
6.58999999999999e-07,2.790265773808477e-05
6.59999999999999e-07,2.817970065162617e-05
6.609999999999989e-07,2.835926641075642e-05
6.619999999999989e-07,2.848062688034369e-05
6.629999999999989e-07,2.856688067678636e-05
6.639999999999989e-07,2.863522863196008e-05
6.649999999999988e-07,2.86874617122712e-05
6.659999999999988e-07,2.872843305165754e-05
6.669999999999988e-07,2.876181225320092e-05
6.679999999999987e-07,2.878983917400287e-05
6.689999999999987e-07,2.881385920703405e-05
6.699999999999987e-07,2.883473930841513e-05
6.709999999999986e-07,2.885308750901527e-05
6.719999999999986e-07,2.886935552809417e-05
6.729999999999986e-07,2.888388935081001e-05
6.739999999999985e-07,2.889695872050994e-05
6.749999999999985e-07,2.890877702102361e-05
6.759999999999985e-07,2.464813209703955e-05
6.769999999999985e-07,2.690979862121291e-05
6.779999999999984e-07,2.756532278797589e-05
6.789999999999984e-07,2.784207200217209e-05
6.799999999999984e-07,2.799412114778489e-05
6.809999999999983e-07,2.809120696427405e-05
6.819999999999983e-07,2.816440432067999e-05
6.829999999999983e-07,2.821753038304446e-05
6.839999999999982e-07,2.825728550575373e-05
6.849999999999982e-07,2.828820459481025e-05
6.859999999999982e-07,2.831293535721129e-05
6.869999999999981e-07,2.83330965927101e-05
6.879999999999981e-07,2.834976768190395e-05
6.889999999999981e-07,2.836371420467721e-05
6.899999999999981e-07,2.837549677663487e-05
6.90999999999998e-07,2.838553395231012e-05
6.91999999999998e-07,2.839414375313451e-05
6.92999999999998e-07,2.840157216647553e-05
6.939999999999979e-07,2.840801273719022e-05
6.949999999999979e-07,2.841362009164705e-05
6.959999999999979e-07,2.841851941270924e-05
6.969999999999978e-07,2.842281321671536e-05
6.979999999999978e-07,2.842658630292396e-05
6.989999999999978e-07,2.842990943574113e-05
6.999999999999977e-07,2.843284212836072e-05
7.009999999999977e-07,4.338082639887e-07
7.019999999999977e-07,2.431866317703451e-06
7.029999999999977e-07,4.489282568642261e-06
7.039999999999976e-07,7.539273495667052e-06
7.049999999999976e-07,1.130669644178635e-05
7.059999999999976e-07,1.521152302293425e-05
7.069999999999975e-07,1.870516179089384e-05
7.079999999999975e-07,2.148349181708111e-05
7.089999999999975e-07,2.350350242130097e-05
7.099999999999974e-07,2.48823274160782e-05
7.109999999999974e-07,2.579049818843158e-05
7.119999999999974e-07,2.637964705399829e-05
7.129999999999973e-07,2.676236004849888e-05
7.139999999999973e-07,2.701424370643822e-05
7.149999999999973e-07,2.718338697712876e-05
7.159999999999973e-07,2.729969921393516e-05
7.169999999999972e-07,2.738931765187205e-05
7.179999999999972e-07,2.745342444121174e-05
7.189999999999972e-07,2.749868145690005e-05
7.199999999999971e-07,2.75308943592129e-05
7.209999999999971e-07,2.755411974825207e-05
7.219999999999971e-07,2.757106260879321e-05
7.22999999999997e-07,2.758353866094252e-05
7.23999999999997e-07,2.759279319122667e-05
7.24999999999997e-07,2.759969797280902e-05
7.259999999999969e-07,2.227601280914874e-05
7.269999999999969e-07,2.446787159161367e-05
7.279999999999969e-07,2.54637931021751e-05
7.289999999999969e-07,2.602459239385846e-05
7.299999999999968e-07,2.63609957966355e-05
7.309999999999968e-07,2.656953616229012e-05
7.319999999999968e-07,2.670250140811475e-05
7.329999999999967e-07,2.678951543637604e-05
7.339999999999967e-07,2.685419001620534e-05
7.349999999999967e-07,2.689788127354697e-05
7.359999999999966e-07,2.69263712069103e-05
7.369999999999966e-07,2.694468290765029e-05
7.379999999999966e-07,2.695637662515246e-05
7.389999999999965e-07,2.696382122583155e-05
7.399999999999965e-07,2.696855368144063e-05
7.409999999999965e-07,2.697156018452127e-05
7.419999999999965e-07,2.697346993765631e-05
7.429999999999964e-07,2.697468315250871e-05
7.439999999999964e-07,2.697545402119523e-05
7.449999999999964e-07,2.697594392125489e-05
7.459999999999963e-07,2.697625531326487e-05
7.469999999999963e-07,2.69764532680123e-05
7.479999999999963e-07,2.697657912277268e-05
7.489999999999962e-07,2.697665914444412e-05
7.499999999999962e-07,2.697671002724131e-05
7.509999999999962e-07,3.217192096035312e-06
7.519999999999961e-07,7.622277017474222e-06
7.529999999999961e-07,1.211391682638077e-05
7.539999999999961e-07,1.642139489489163e-05
7.549999999999961e-07,1.985905500392185e-05
7.55999999999996e-07,2.226070807033591e-05
7.56999999999996e-07,2.380075682718204e-05
7.57999999999996e-07,2.474586884212025e-05
7.589999999999959e-07,2.531897319828406e-05
7.599999999999959e-07,2.566827672051235e-05
7.609999999999959e-07,2.588418831835605e-05
7.619999999999958e-07,2.601985191293642e-05
7.629999999999958e-07,2.610646374378942e-05
7.639999999999958e-07,2.616951439649029e-05
7.649999999999957e-07,2.62103736326733e-05
7.659999999999957e-07,2.62353854777285e-05
7.669999999999957e-07,2.625017357714664e-05
7.679999999999957e-07,2.625870879843571e-05
7.689999999999956e-07,2.626354785599809e-05
7.699999999999956e-07,2.626625333941633e-05
7.709999999999956e-07,2.626774898577717e-05
7.719999999999955e-07,2.62685681516751e-05
7.729999999999955e-07,2.626901332859657e-05
7.739999999999955e-07,2.626925366770933e-05
7.749999999999954e-07,2.626938268622839e-05
7.759999999999954e-07,1.978119206723201e-05
7.769999999999954e-07,2.273394139750762e-05
7.779999999999953e-07,2.409176107837874e-05
7.789999999999953e-07,2.478366515188697e-05
7.799999999999953e-07,2.51533298274615e-05
7.809999999999953e-07,2.535738834944587e-05
7.819999999999952e-07,2.54729529182741e-05
7.829999999999952e-07,2.553963798169058e-05
7.839999999999952e-07,2.558477626925433e-05
7.849999999999951e-07,2.561072489801818e-05
7.859999999999951e-07,2.562425127516941e-05
7.869999999999951e-07,2.563074396512734e-05
7.87999999999995e-07,2.563360841937768e-05
7.88999999999995e-07,2.563475110475642e-05
7.89999999999995e-07,2.563514377452993e-05
7.909999999999949e-07,2.563524222879917e-05
7.919999999999949e-07,2.563524247802537e-05
7.929999999999949e-07,2.563522006616308e-05
7.939999999999949e-07,2.563519939572818e-05
7.949999999999948e-07,2.5635185540397e-05
7.959999999999948e-07,2.563517755197712e-05
7.969999999999948e-07,2.563517339163793e-05
7.979999999999947e-07,2.563517140256295e-05
7.989999999999947e-07,2.563517052998046e-05
7.999999999999947e-07,2.563517018488975e-05
8.009999999999946e-07,-8.183347458281115e-07
8.019999999999946e-07,1.583868488140001e-07
8.029999999999946e-07,1.394829567373893e-07
8.039999999999945e-07,1.98132821743253e-07
8.049999999999945e-07,2.973976011781901e-07
8.059999999999945e-07,4.544116806078639e-07
8.069999999999945e-07,6.961708478338315e-07
8.079999999999944e-07,1.059458540764523e-06
8.089999999999944e-07,1.592769103128839e-06
8.099999999999944e-07,2.35516295669317e-06
8.109999999999943e-07,3.408495525608614e-06
8.119999999999943e-07,4.799801884900986e-06
8.129999999999943e-07,6.536420937063165e-06
8.139999999999942e-07,8.56580765408289e-06
8.149999999999942e-07,1.077528626227795e-05
8.159999999999942e-07,1.301572832770906e-05
8.169999999999941e-07,1.513986102831304e-05
8.179999999999941e-07,1.70328700607103e-05
8.189999999999941e-07,1.862848677668236e-05
8.199999999999941e-07,1.991008653261773e-05
8.20999999999994e-07,2.089828891254402e-05
8.21999999999994e-07,2.163507463738654e-05
8.22999999999994e-07,2.2169935505129e-05
8.239999999999939e-07,2.255027315421929e-05
8.249999999999939e-07,2.281653754013306e-05
8.259999999999939e-07,1.874897039226226e-05
8.269999999999938e-07,2.003822235033202e-05
8.279999999999938e-07,2.079772355703988e-05
8.289999999999938e-07,2.134409916571559e-05
8.299999999999937e-07,2.174115025996444e-05
8.309999999999937e-07,2.202718780579732e-05
8.319999999999937e-07,2.223216562230755e-05
8.329999999999937e-07,2.239398674199359e-05
8.339999999999936e-07,2.250955768221497e-05
8.349999999999936e-07,2.258790607802442e-05
8.359999999999936e-07,2.263943859446418e-05
8.369999999999935e-07,2.267270132812237e-05
8.379999999999935e-07,2.269391397832008e-05
8.389999999999935e-07,2.270733562351569e-05
8.399999999999934e-07,2.271578347451425e-05
8.409999999999934e-07,2.272108217906816e-05
8.419999999999934e-07,2.272439787192387e-05
8.429999999999933e-07,2.272646940808662e-05
8.439999999999933e-07,2.272776225650433e-05
8.449999999999933e-07,2.272856854400926e-05
8.459999999999933e-07,2.272907114224211e-05
8.469999999999932e-07,2.272938433320468e-05
8.479999999999932e-07,2.272957945286083e-05
8.489999999999932e-07,2.272970099521461e-05
8.499999999999931e-07,2.272977669771499e-05
8.509999999999931e-07,5.47640035267323e-06
8.519999999999931e-07,8.159589901684118e-06
8.52999999999993e-07,1.033960621018812e-05
8.53999999999993e-07,1.247434875622014e-05
8.54999999999993e-07,1.444068835912817e-05
8.559999999999929e-07,1.614961903738931e-05
8.569999999999929e-07,1.756517229637797e-05
8.579999999999929e-07,1.869328089003081e-05
8.589999999999929e-07,1.95660293248685e-05
8.599999999999928e-07,2.022579362858846e-05
8.609999999999928e-07,2.071596212458429e-05
8.619999999999928e-07,2.107547711309454e-05
8.629999999999927e-07,2.13365244977457e-05
8.639999999999927e-07,2.152509660040537e-05
8.649999999999927e-07,2.167488261019921e-05
8.659999999999926e-07,2.178286364217478e-05
8.669999999999926e-07,2.185692417971946e-05
8.679999999999926e-07,2.19062930650902e-05
8.689999999999925e-07,2.19386338770487e-05
8.699999999999925e-07,2.195958885676782e-05
8.709999999999925e-07,2.197307142502926e-05
8.719999999999925e-07,2.198170676267473e-05
8.729999999999924e-07,2.19872210965565e-05
8.739999999999924e-07,2.19907355515711e-05
8.749999999999924e-07,2.199297254200922e-05
8.759999999999923e-07,1.729352804623486e-05
8.769999999999923e-07,1.871522543894515e-05
8.779999999999923e-07,1.953524863068617e-05
8.789999999999922e-07,2.010186504367435e-05
8.799999999999922e-07,2.049625630864218e-05
8.809999999999922e-07,2.076801530900435e-05
8.819999999999921e-07,2.095429446649863e-05
8.829999999999921e-07,2.109646518463312e-05
8.839999999999921e-07,2.119309496892886e-05
8.849999999999921e-07,2.125471483106198e-05
8.85999999999992e-07,2.129247970601922e-05
8.86999999999992e-07,2.13150059582059e-05
8.87999999999992e-07,2.132818590741557e-05
8.889999999999919e-07,2.133578857682297e-05
8.899999999999919e-07,2.134012714072222e-05
8.909999999999919e-07,2.134258249776859e-05
8.919999999999918e-07,2.134396302943069e-05
8.929999999999918e-07,2.134473521250771e-05
8.939999999999918e-07,2.134516532143502e-05
8.949999999999917e-07,2.134540408281353e-05
8.959999999999917e-07,2.134553625717799e-05
8.969999999999917e-07,2.134560926054628e-05
8.979999999999917e-07,2.134564950664848e-05
8.989999999999916e-07,2.134567165951464e-05
8.999999999999916e-07,2.134568383757001e-05
9.009999999999916e-07,7.014813691407038e-07
9.019999999999915e-07,2.096001309551205e-06
9.029999999999915e-07,3.054933230907091e-06
9.039999999999915e-07,4.319997678244386e-06
9.049999999999914e-07,5.877832718704229e-06
9.059999999999914e-07,7.66257222385455e-06
9.069999999999914e-07,9.561225855187937e-06
9.079999999999913e-07,1.144350547545681e-05
9.089999999999913e-07,1.319591796513065e-05
9.099999999999913e-07,1.474218798960512e-05
9.109999999999913e-07,1.604672419346996e-05
9.119999999999912e-07,1.710790182708916e-05
9.129999999999912e-07,1.794687978517357e-05
9.139999999999912e-07,1.859539657426617e-05
9.149999999999911e-07,1.908810018121644e-05
9.159999999999911e-07,1.945724636430498e-05
9.169999999999911e-07,1.973172576933231e-05
9.17999999999991e-07,1.993405764909766e-05
9.18999999999991e-07,2.009732352356618e-05
9.19999999999991e-07,2.021764517672575e-05
9.209999999999909e-07,2.03023608768563e-05
9.219999999999909e-07,2.036050516837834e-05
9.229999999999909e-07,2.039981059825765e-05
9.239999999999909e-07,2.042613526448161e-05
9.249999999999908e-07,2.044366447301967e-05
9.259999999999908e-07,1.591540698505967e-05
9.269999999999908e-07,1.722426340746558e-05
9.279999999999907e-07,1.799364496298283e-05
9.289999999999907e-07,1.853830625885452e-05
9.299999999999907e-07,1.89263190536135e-05
9.309999999999906e-07,1.919989020069447e-05
9.319999999999906e-07,1.939170056456917e-05
9.329999999999906e-07,1.954059535873061e-05
9.339999999999905e-07,1.964429910907145e-05
9.349999999999905e-07,1.971245414590272e-05
9.359999999999905e-07,1.975571020291802e-05
9.369999999999905e-07,1.978254543719213e-05
9.379999999999904e-07,1.979893962260813e-05
9.389999999999904e-07,1.98088492136763e-05
9.399999999999904e-07,1.981479441270726e-05
9.409999999999903e-07,1.981834216002845e-05
9.419999999999903e-07,1.982045109749771e-05
9.429999999999903e-07,1.982170123897989e-05
9.439999999999902e-07,1.98224407903332e-05
9.449999999999902e-07,1.982287763698215e-05
9.459999999999902e-07,1.98231353960433e-05
9.469999999999901e-07,1.982328736300561e-05
9.479999999999901e-07,1.982337690504628e-05
9.489999999999901e-07,1.982342964200158e-05
9.499999999999901e-07,1.9823460692111e-05
9.5099999999999e-07,3.131917866311576e-06
9.5199999999999e-07,5.436486149106774e-06
9.5299999999999e-07,7.378303914102644e-06
9.539999999999899e-07,9.420642697722134e-06
9.5499999999999e-07,1.139454948558047e-05
9.559999999999901e-07,1.31591229510918e-05
9.569999999999902e-07,1.463922144367375e-05
9.579999999999902e-07,1.581984990831011e-05
9.589999999999903e-07,1.672632913025497e-05
9.599999999999904e-07,1.740303773808608e-05
9.609999999999905e-07,1.789773435497297e-05
9.619999999999905e-07,1.825393670520174e-05
9.629999999999906e-07,1.850745286958833e-05
9.639999999999907e-07,1.868688907462623e-05
9.649999999999908e-07,1.881301474591002e-05
9.659999999999908e-07,1.890133751022469e-05
9.669999999999909e-07,1.896302621274078e-05
9.67999999999991e-07,1.90060337562574e-05
9.689999999999911e-07,1.903597917490765e-05
9.699999999999911e-07,1.905681118091873e-05
9.709999999999912e-07,1.907129436383737e-05
9.719999999999913e-07,1.908250057309221e-05
9.729999999999914e-07,1.909032172108381e-05
9.739999999999914e-07,1.90954964089885e-05
9.749999999999915e-07,1.909881508297275e-05
9.759999999999916e-07,1.395601905482253e-05
9.769999999999917e-07,1.558142246538205e-05
9.779999999999917e-07,1.654459962239675e-05
9.789999999999918e-07,1.719456835858958e-05
9.799999999999919e-07,1.763130901922647e-05
9.80999999999992e-07,1.792081766429396e-05
9.81999999999992e-07,1.811064783141635e-05
9.829999999999921e-07,1.823461246627072e-05
9.839999999999922e-07,1.831504847047119e-05
9.849999999999923e-07,1.836710141698113e-05
9.859999999999923e-07,1.840072846470922e-05
9.869999999999924e-07,1.842242769182235e-05
9.879999999999925e-07,1.843641985142419e-05
9.889999999999926e-07,1.844665179669939e-05
9.899999999999926e-07,1.845321394863515e-05
9.909999999999927e-07,1.845711518611094e-05
9.919999999999928e-07,1.845931778673231e-05
9.929999999999929e-07,1.846051346651234e-05
9.939999999999929e-07,1.846114187846093e-05
9.94999999999993e-07,1.846146288299089e-05
9.959999999999931e-07,1.846162256315063e-05
9.969999999999932e-07,1.8461699946639e-05
9.979999999999932e-07,1.846173644534369e-05
9.989999999999933e-07,1.846175315647404e-05
9.999999999999934e-07,1.846176054759092e-05
1.000999999999993e-06,-4.336999268338584e-07
1.001999999999994e-06,4.07101901492569e-07
1.002999999999994e-06,5.470332162320309e-07
1.003999999999994e-06,7.93634966182552e-07
1.004999999999994e-06,1.142205586742368e-06
1.005999999999994e-06,1.620542096725573e-06
1.006999999999994e-06,2.258556844907048e-06
1.007999999999994e-06,3.080488416672408e-06
1.008999999999994e-06,4.095425856549078e-06
1.009999999999994e-06,5.288283242932044e-06
1.010999999999994e-06,6.616376518387941e-06
1.011999999999994e-06,8.014896100040231e-06
1.012999999999994e-06,9.410523139579695e-06
1.013999999999994e-06,1.073622274453876e-05
1.014999999999995e-06,1.194162067760716e-05
1.015999999999995e-06,1.299710183366277e-05
1.016999999999995e-06,1.389270950180194e-05
1.017999999999995e-06,1.46334554316019e-05
1.018999999999995e-06,1.52334430428e-05
1.019999999999995e-06,1.571138680626982e-05
1.020999999999995e-06,1.608685510790364e-05
1.021999999999995e-06,1.637936788424944e-05
1.022999999999995e-06,1.660516948724516e-05
1.023999999999995e-06,1.677841397542148e-05
1.024999999999995e-06,1.69107155374434e-05
1.025999999999995e-06,1.28820192880355e-05
1.026999999999995e-06,1.399616661779829e-05
1.027999999999995e-06,1.468778585312876e-05
1.028999999999996e-06,1.520646773690903e-05
1.029999999999996e-06,1.559628281664287e-05
1.030999999999996e-06,1.588586887001844e-05
1.031999999999996e-06,1.609955605507407e-05
1.032999999999996e-06,1.625594452271141e-05
1.033999999999996e-06,1.636984853139305e-05
1.034999999999996e-06,1.645251951133282e-05
1.035999999999996e-06,1.651236960254448e-05
1.036999999999996e-06,1.655561892848014e-05
1.037999999999996e-06,1.658683068514333e-05
1.038999999999996e-06,1.660933375915473e-05
1.039999999999996e-06,1.662554686441934e-05
1.040999999999996e-06,1.663842663788549e-05
1.041999999999997e-06,1.66477692656352e-05
1.042999999999997e-06,1.665424869577096e-05
1.043999999999997e-06,1.665863348382313e-05
1.044999999999997e-06,1.66615590001707e-05
1.045999999999997e-06,1.666349448535814e-05
1.046999999999997e-06,1.66647684422936e-05
1.047999999999997e-06,1.666560434903617e-05
1.048999999999997e-06,1.666615176920266e-05
1.049999999999997e-06,1.666650983535863e-05
1.050999999999997e-06,2.389496904500344e-06
1.051999999999997e-06,4.10687053010433e-06
1.052999999999997e-06,5.432615438702189e-06
1.053999999999997e-06,6.875412407869814e-06
1.054999999999998e-06,8.346215439699468e-06
1.055999999999998e-06,9.749971501536621e-06
1.056999999999998e-06,1.101448411683359e-05
1.057999999999998e-06,1.209976305601084e-05
1.058999999999998e-06,1.299493135478101e-05
1.059999999999998e-06,1.371119876032829e-05
1.060999999999998e-06,1.427068381894092e-05
1.061999999999998e-06,1.469973429110804e-05
1.062999999999998e-06,1.502421376443147e-05
1.063999999999998e-06,1.526690221157514e-05
1.064999999999998e-06,1.544734562242416e-05
1.065999999999998e-06,1.558057224707875e-05
1.066999999999998e-06,1.567852753460415e-05
1.067999999999998e-06,1.575032942781486e-05
1.068999999999999e-06,1.580284299601809e-05
1.069999999999999e-06,1.584118697040068e-05
1.070999999999999e-06,1.586915133034997e-05
1.071999999999999e-06,1.58895280984537e-05
1.072999999999999e-06,1.590436663047408e-05
1.073999999999999e-06,1.59162473105213e-05
1.074999999999999e-06,1.592496464411553e-05
1.075999999999999e-06,1.118892763823897e-05
1.076999999999999e-06,1.250785894315983e-05
1.077999999999999e-06,1.332887984295828e-05
1.078999999999999e-06,1.391977222601078e-05
1.079999999999999e-06,1.434215702408988e-05
1.080999999999999e-06,1.46396127164736e-05
1.082e-06,1.484655580265656e-05
1.083e-06,1.498976758761214e-05
1.084e-06,1.508813926079819e-05
1.085e-06,1.515546721071141e-05
1.086e-06,1.520143496434094e-05
1.087e-06,1.523276658855416e-05
1.088e-06,1.525409786586159e-05
1.089e-06,1.526860941237623e-05
1.09e-06,1.527965696004987e-05
1.091e-06,1.528718325222963e-05
1.092e-06,1.529201514236943e-05
1.093e-06,1.529500709945998e-05
1.094e-06,1.529681613324379e-05
1.095000000000001e-06,1.529789205116051e-05
1.096000000000001e-06,1.529852444790327e-05
1.097000000000001e-06,1.529889295549675e-05
1.098000000000001e-06,1.529910631085538e-05
1.099000000000001e-06,1.529922923718589e-05
1.100000000000001e-06,1.529929979928043e-05
1.101000000000001e-06,-1.703367154297762e-07
1.102000000000001e-06,6.938696709436656e-07
1.103000000000001e-06,9.819142738661025e-07
1.104000000000001e-06,1.411192523131909e-06
1.105000000000001e-06,1.990208298381958e-06
1.106000000000001e-06,2.739651881294265e-06
1.107000000000001e-06,3.664685338783546e-06
1.108000000000002e-06,4.745269532357719e-06
1.109000000000002e-06,5.934117075310183e-06
1.110000000000002e-06,7.164538155244335e-06
1.111000000000002e-06,8.366231943635035e-06
1.112000000000002e-06,9.480139117590898e-06
1.113000000000002e-06,1.046696145945076e-05
1.114000000000002e-06,1.130838780905136e-05
1.115000000000002e-06,1.200431370659067e-05
1.116000000000002e-06,1.256594673483363e-05
1.117000000000002e-06,1.301050332947499e-05
1.118000000000002e-06,1.335713365211843e-05
1.119000000000002e-06,1.362411199631349e-05
1.120000000000002e-06,1.382831278128515e-05
1.121000000000002e-06,1.398325481270838e-05
1.122000000000003e-06,1.410023044405214e-05
1.123000000000003e-06,1.418820954516201e-05
1.124000000000003e-06,1.425419260556971e-05
1.125000000000003e-06,1.430357411077326e-05
1.126000000000003e-06,9.83737655802625e-06
1.127000000000003e-06,1.101997731060891e-05
1.128000000000003e-06,1.177636682982374e-05
1.129000000000003e-06,1.234003207094492e-05
1.130000000000003e-06,1.2756529811011e-05
1.131000000000003e-06,1.30594576146107e-05
1.132000000000003e-06,1.327693761007778e-05
1.133000000000003e-06,1.343211876200652e-05
1.134000000000003e-06,1.354195139415987e-05
1.135000000000004e-06,1.361935811432735e-05
1.136000000000004e-06,1.367374986639782e-05
1.137000000000004e-06,1.371188990758269e-05
1.138000000000004e-06,1.373859506875797e-05
1.139000000000004e-06,1.37572746007152e-05
1.140000000000004e-06,1.377033110953316e-05
1.141000000000004e-06,1.378047353700941e-05
1.142000000000004e-06,1.378759295388467e-05
1.143000000000004e-06,1.379233654836254e-05
1.144000000000004e-06,1.379540338298762e-05
1.145000000000004e-06,1.379734960559912e-05
1.146000000000004e-06,1.379857002233788e-05
1.147000000000004e-06,1.379932932092281e-05
1.148000000000005e-06,1.379979925528504e-05
1.149000000000005e-06,1.380008907089556e-05
1.150000000000005e-06,1.380026737384701e-05
1.151000000000005e-06,7.630444086107389e-07
1.152000000000005e-06,1.996265928146466e-06
1.153000000000005e-06,2.883626147813903e-06
1.154000000000005e-06,3.987906100779007e-06
1.155000000000005e-06,5.250118751515484e-06
1.156000000000005e-06,6.573413916436812e-06
1.157000000000005e-06,7.851694539415917e-06
1.158000000000005e-06,9.000966760442734e-06
1.159000000000005e-06,9.974751701978268e-06
1.160000000000005e-06,1.076163006961913e-05
1.161000000000005e-06,1.137523474269387e-05
1.162000000000006e-06,1.184114775119292e-05
1.163000000000006e-06,1.218794406397074e-05
1.164000000000006e-06,1.244235862741155e-05
1.165000000000006e-06,1.262691704016036e-05
1.166000000000006e-06,1.276007462943715e-05
1.167000000000006e-06,1.285547527791839e-05
1.168000000000006e-06,1.292356671820908e-05
1.169000000000006e-06,1.297203596379514e-05
1.170000000000006e-06,1.300647184556529e-05
1.171000000000006e-06,1.303090439014275e-05
1.172000000000006e-06,1.304822288292852e-05
1.173000000000006e-06,1.306181556101315e-05
1.174000000000006e-06,1.307150018434448e-05
1.175000000000007e-06,1.307807107066675e-05
1.176000000000007e-06,7.708369736529247e-06
1.177000000000007e-06,9.266063279335248e-06
1.178000000000007e-06,1.029635159792661e-05
1.179000000000007e-06,1.102306437727126e-05
1.180000000000007e-06,1.15198659500273e-05
1.181000000000007e-06,1.185059252325513e-05
1.182000000000007e-06,1.206687003966118e-05
1.183000000000007e-06,1.220654430301934e-05
1.184000000000007e-06,1.229638086605448e-05
1.185000000000007e-06,1.235371986085885e-05
1.186000000000007e-06,1.239021682901083e-05
1.187000000000007e-06,1.241340739482474e-05
1.188000000000008e-06,1.24281267151016e-05
1.189000000000008e-06,1.243876112765741e-05
1.190000000000008e-06,1.244545510839397e-05
1.191000000000008e-06,1.244933813524384e-05
1.192000000000008e-06,1.245146436833026e-05
1.193000000000008e-06,1.245257615706829e-05
1.194000000000008e-06,1.245313444479482e-05
1.195000000000008e-06,1.245340418663961e-05
1.196000000000008e-06,1.245352943667905e-05
1.197000000000008e-06,1.245358506652614e-05
1.198000000000008e-06,1.245360846504093e-05
1.199000000000008e-06,1.24536175974351e-05
1.200000000000008e-06,1.245362075629155e-05
1.201000000000008e-06,-7.386261277243593e-07
1.202000000000009e-06,1.133685607170955e-07
1.203000000000009e-06,7.071092320260768e-08
1.204000000000009e-06,8.2891217483164e-08
1.205000000000009e-06,1.026587675976001e-07
1.206000000000009e-06,1.291892876978093e-07
1.207000000000009e-06,1.642448347425076e-07
1.208000000000009e-06,2.100768261598814e-07
1.209000000000009e-06,2.69370987729388e-07
1.210000000000009e-06,3.45280662809939e-07
1.211000000000009e-06,4.41454017836833e-07
1.212000000000009e-06,5.620405325026323e-07
1.213000000000009e-06,7.116576736874619e-07
1.214000000000009e-06,8.952837374490464e-07
1.21500000000001e-06,1.118065978228636e-06
1.21600000000001e-06,1.384961434535444e-06
1.21700000000001e-06,1.700233357528036e-06
1.21800000000001e-06,2.066848244891932e-06
1.21900000000001e-06,2.485544129106922e-06
1.22000000000001e-06,2.954400215455406e-06
1.22100000000001e-06,3.468233168008982e-06
1.22200000000001e-06,4.018587228343708e-06
1.22300000000001e-06,4.594193834000488e-06
1.22400000000001e-06,5.181901228985482e-06
1.22500000000001e-06,5.767905486444886e-06
1.22600000000001e-06,4.123997829946001e-06
1.22700000000001e-06,4.890060481299941e-06
1.228000000000011e-06,5.531578776913148e-06
1.229000000000011e-06,6.147760861888638e-06
1.230000000000011e-06,6.725420640216378e-06
1.231000000000011e-06,7.253439297960372e-06
1.232000000000011e-06,7.725345946158399e-06
1.233000000000011e-06,8.138951213810139e-06
1.234000000000011e-06,8.495464213930616e-06
1.235000000000011e-06,8.798474603036885e-06
1.236000000000011e-06,9.052870390758181e-06
1.237000000000011e-06,9.264669143771988e-06
1.238000000000011e-06,9.439451872017598e-06
1.239000000000011e-06,9.582749795302329e-06
1.240000000000011e-06,9.699612939830738e-06
1.241000000000011e-06,9.794509170150964e-06
1.242000000000012e-06,9.871300651742389e-06
1.243000000000012e-06,9.933267968689349e-06
1.244000000000012e-06,9.983160525323364e-06
1.245000000000012e-06,1.002325871278103e-05
1.246000000000012e-06,1.005543863417586e-05
1.247000000000012e-06,1.008123399085185e-05
1.248000000000012e-06,1.010189230745127e-05
1.249000000000012e-06,1.011842432335651e-05
1.250000000000012e-06,1.0132597971442e-05
1.251000000000012e-06,1.127773554056623e-06
1.252000000000012e-06,1.972100174921921e-06
1.253000000000012e-06,2.393765393270653e-06
1.254000000000012e-06,2.86683085358048e-06
1.255000000000013e-06,3.381183575164498e-06
1.256000000000013e-06,3.924901029585167e-06
1.257000000000013e-06,4.483484844305417e-06
1.258000000000013e-06,5.041355183070778e-06
1.259000000000013e-06,5.583576980738141e-06
1.260000000000013e-06,6.097205026704503e-06
1.261000000000013e-06,6.572665699051004e-06
1.262000000000013e-06,7.003711919017723e-06
1.263000000000013e-06,7.387370739276469e-06
1.264000000000013e-06,7.723442832755356e-06
1.265000000000013e-06,8.013827922223735e-06
1.266000000000013e-06,8.261716651239363e-06
1.267000000000013e-06,8.471525704419562e-06
1.268000000000014e-06,8.647527572875449e-06
1.269000000000014e-06,8.79417266456216e-06
1.270000000000014e-06,8.915675900626394e-06
1.271000000000014e-06,9.015885518164916e-06
1.272000000000014e-06,9.098222003968479e-06
1.273000000000014e-06,9.165664781094743e-06
1.274000000000014e-06,9.220769080414692e-06
1.275000000000014e-06,9.26570000109612e-06
1.276000000000014e-06,5.75365994589764e-06
1.277000000000014e-06,6.42852142102028e-06
1.278000000000014e-06,6.876322932211476e-06
1.279000000000014e-06,7.252549029459478e-06
1.280000000000014e-06,7.56619027580447e-06
1.281000000000015e-06,7.823693548402868e-06
1.282000000000015e-06,8.032408824105102e-06
1.283000000000015e-06,8.199756244066247e-06
1.284000000000015e-06,8.333038114873025e-06
1.285000000000015e-06,8.438402461099572e-06
1.286000000000015e-06,8.521278406294675e-06
1.287000000000015e-06,8.586209695729888e-06
1.288000000000015e-06,8.636925936695805e-06
1.289000000000015e-06,8.676444708162327e-06
1.290000000000015e-06,8.707181218284602e-06
1.291000000000015e-06,8.731052783267454e-06
1.292000000000015e-06,8.749572012442223e-06
1.293000000000015e-06,8.763926567757047e-06
1.294000000000015e-06,8.775953911009427e-06
1.295000000000016e-06,8.7853713873622e-06
1.296000000000016e-06,8.792523578588254e-06
1.297000000000016e-06,8.79787530003901e-06
1.298000000000016e-06,8.801849792585681e-06
1.299000000000016e-06,8.80478999342686e-06
1.300000000000016e-06,8.806960589889868e-06
1.301000000000016e-06,-3.099060382459414e-07
1.302000000000016e-06,3.297039778141997e-07
1.303000000000016e-06,3.787749993681029e-07
1.304000000000016e-06,4.712475265199529e-07
1.305000000000016e-06,5.85405102228585e-07
1.306000000000016e-06,7.230236994042954e-07
1.307000000000016e-06,8.870353038740618e-07
1.308000000000017e-06,1.080194969200774e-06
1.309000000000017e-06,1.30476798720748e-06
1.310000000000017e-06,1.562189816521304e-06
1.311000000000017e-06,1.852753362932859e-06
1.312000000000017e-06,2.175092057013977e-06
1.313000000000017e-06,2.526200608647124e-06
1.314000000000017e-06,2.901240216601324e-06
1.315000000000017e-06,3.293762819123109e-06
1.316000000000017e-06,3.696134582685767e-06
1.317000000000017e-06,4.100135688340122e-06
1.318000000000017e-06,4.497549536999904e-06
1.319000000000017e-06,4.881044936058589e-06
1.320000000000017e-06,5.244422890106611e-06
1.321000000000018e-06,5.582983272944111e-06
1.322000000000018e-06,5.893617411184807e-06
1.323000000000018e-06,6.174726657660658e-06
1.324000000000018e-06,6.425914265181228e-06
1.325000000000018e-06,6.648186804786686e-06
1.326000000000018e-06,3.948205026943326e-06
1.327000000000018e-06,4.516878482581389e-06
1.328000000000018e-06,4.917711272697084e-06
1.329000000000018e-06,5.280319204374836e-06
1.330000000000018e-06,5.603921930639593e-06
1.331000000000018e-06,5.887548109483253e-06
1.332000000000018e-06,6.132243373190926e-06
1.333000000000018e-06,6.340545312168087e-06
1.334000000000018e-06,6.515800999300686e-06
1.335000000000019e-06,6.662073635812662e-06
1.336000000000019e-06,6.783122340822213e-06
1.337000000000019e-06,6.882668135445572e-06
1.338000000000019e-06,6.964111456387875e-06
1.339000000000019e-06,7.030466707856787e-06
1.340000000000019e-06,7.084346528660811e-06
1.341000000000019e-06,7.127976949678508e-06
1.342000000000019e-06,7.163229813937828e-06
1.343000000000019e-06,7.191663121392675e-06
1.344000000000019e-06,7.214563312979396e-06
1.345000000000019e-06,7.232985935066882e-06
1.346000000000019e-06,7.247792783039402e-06
1.347000000000019e-06,7.260526812324072e-06
1.34800000000002e-06,7.270870987511149e-06
1.34900000000002e-06,7.27906894574173e-06
1.35000000000002e-06,7.285492105384315e-06
1.35100000000002e-06,1.281862372400176e-07
1.35200000000002e-06,7.410954425892006e-07
1.35300000000002e-06,9.061288207548053e-07
1.35400000000002e-06,1.114994920941976e-06
1.35500000000002e-06,1.357929398756612e-06
1.35600000000002e-06,1.634178073374087e-06
1.35700000000002e-06,1.941592510929005e-06
1.35800000000002e-06,2.275860966639973e-06
1.35900000000002e-06,2.630561252048159e-06
1.36000000000002e-06,2.997587809092222e-06
1.361000000000021e-06,3.367882731884602e-06
1.362000000000021e-06,3.732328635104335e-06
1.363000000000021e-06,4.082497201937043e-06
1.364000000000021e-06,4.411687538126898e-06
1.365000000000021e-06,4.714946211089614e-06
1.366000000000021e-06,4.989271304788837e-06
1.367000000000021e-06,5.233454497515436e-06
1.368000000000021e-06,5.447770427256324e-06
1.369000000000021e-06,5.633511160438853e-06
1.370000000000021e-06,5.793017582852756e-06
1.371000000000021e-06,5.928695700557079e-06
1.372000000000021e-06,6.043254434719336e-06
1.373000000000021e-06,6.139384479528088e-06
1.374000000000021e-06,6.219635871051247e-06
1.375000000000022e-06,6.286345776353648e-06
1.376000000000022e-06,2.811523324737829e-06
1.377000000000022e-06,3.403236373187601e-06
1.378000000000022e-06,3.817416231877754e-06
1.379000000000022e-06,4.191564096069816e-06
1.380000000000022e-06,4.520858324184891e-06
1.381000000000022e-06,4.802815590561235e-06
1.382000000000022e-06,5.038712866890106e-06
1.383000000000022e-06,5.232370788325891e-06
1.384000000000022e-06,5.388945990516019e-06
1.385000000000022e-06,5.513928633038634e-06
1.386000000000022e-06,5.612920683210954e-06
1.387000000000022e-06,5.690642470763368e-06
1.388000000000023e-06,5.751309575786556e-06
1.389000000000023e-06,5.798450947144577e-06
1.390000000000023e-06,5.834954512752359e-06
1.391000000000023e-06,5.863144809455626e-06
1.392000000000023e-06,5.884870045086301e-06
1.393000000000023e-06,5.901586259654613e-06
1.394000000000023e-06,5.915517182295308e-06
1.395000000000023e-06,5.926332454680624e-06
1.396000000000023e-06,5.934460567014372e-06
1.397000000000023e-06,5.940471237349978e-06
1.398000000000023e-06,5.944878808987886e-06
1.399000000000023e-06,5.948096316651327e-06
1.400000000000023e-06,5.950439311626956e-06
1.401000000000024e-06,-6.516132002377141e-07
1.402000000000024e-06,8.961665709456586e-08
1.403000000000024e-06,4.427611799710158e-08
1.404000000000024e-06,4.688492329099814e-08
1.405000000000024e-06,5.285775088853552e-08
1.406000000000024e-06,6.007583330767466e-08
1.407000000000024e-06,6.861711242542727e-08
1.408000000000024e-06,7.868547901754332e-08
1.409000000000024e-06,9.051418516645134e-08
1.410000000000024e-06,1.043628170313549e-07
1.411000000000024e-06,1.205180094956343e-07
1.412000000000024e-06,1.392939051298582e-07
1.413000000000024e-06,1.61032097895216e-07
1.414000000000024e-06,1.861009446419756e-07
1.415000000000025e-06,2.14894114792088e-07
1.416000000000025e-06,2.478282257301666e-07
1.417000000000025e-06,2.853393846845173e-07
1.418000000000025e-06,3.278784299194846e-07
1.419000000000025e-06,3.759046399470187e-07
1.420000000000025e-06,4.298776671860571e-07
1.421000000000025e-06,4.902474629039256e-07
1.422000000000025e-06,5.574420063800137e-07
1.423000000000025e-06,6.318527466784297e-07
1.424000000000025e-06,7.138178218965299e-07
1.425000000000025e-06,8.036033444422212e-07
1.426000000000025e-06,2.62076289787736e-07
1.427000000000025e-06,4.366353894868129e-07
1.428000000000026e-06,5.042343967959236e-07
1.429000000000026e-06,5.817142369439199e-07
1.430000000000026e-06,6.682027360941169e-07
1.431000000000026e-06,7.638847985438504e-07
1.432000000000026e-06,8.688705806060114e-07
1.433000000000026e-06,9.830627310642101e-07
1.434000000000026e-06,1.106137300761397e-06
1.435000000000026e-06,1.237519453577732e-06
1.436000000000026e-06,1.376374952329812e-06
1.437000000000026e-06,1.52161731928553e-06
1.438000000000026e-06,1.671932525522645e-06
1.439000000000026e-06,1.825821073142858e-06
1.440000000000026e-06,1.981655067423771e-06
1.441000000000027e-06,2.137745771203016e-06
1.442000000000027e-06,2.292415636580195e-06
1.443000000000027e-06,2.444068241097918e-06
1.444000000000027e-06,2.591250018976996e-06
1.445000000000027e-06,2.732699031883761e-06
1.446000000000027e-06,2.867377939831408e-06
1.447000000000027e-06,2.994490402314247e-06
1.448000000000027e-06,3.113481987798824e-06
1.449000000000027e-06,3.224028038250092e-06
1.450000000000027e-06,3.326011715620731e-06
1.451000000000027e-06,-1.317671253571025e-07
1.452000000000027e-06,3.033890136047904e-07
1.453000000000027e-06,3.249738033449296e-07
1.454000000000027e-06,3.678670877348882e-07
1.455000000000028e-06,4.164615738502059e-07
1.456000000000028e-06,4.701261290358857e-07
1.457000000000028e-06,5.290234993693927e-07
1.458000000000028e-06,5.93301053721604e-07
1.459000000000028e-06,6.630401832588143e-07
1.460000000000028e-06,7.382503826495571e-07
1.461000000000028e-06,8.1885191293366e-07
1.462000000000028e-06,9.04666736183732e-07
1.463000000000028e-06,9.954129640531507e-07
1.464000000000028e-06,1.090701645157307e-06
1.465000000000028e-06,1.190038146029312e-06
1.466000000000028e-06,1.292828464192673e-06
1.467000000000028e-06,1.398390653064527e-06
1.468000000000029e-06,1.505971095502282e-06
1.469000000000029e-06,1.614764903472759e-06
1.470000000000029e-06,1.723939306100914e-06
1.471000000000029e-06,1.832658580603506e-06
1.472000000000029e-06,1.940108928431587e-06
1.473000000000029e-06,2.045521724651927e-06
1.474000000000029e-06,2.148193764288016e-06
1.475000000000029e-06,2.247503459646211e-06
1.476000000000029e-06,6.559432331140959e-07
1.477000000000029e-06,8.990443271297758e-07
1.478000000000029e-06,9.98489029278253e-07
1.479000000000029e-06,1.102118984495154e-06
1.480000000000029e-06,1.208616178219826e-06
1.48100000000003e-06,1.316723902730544e-06
1.48200000000003e-06,1.425251675778121e-06
1.48300000000003e-06,1.532950137784148e-06
1.48400000000003e-06,1.638643720810598e-06
1.48500000000003e-06,1.741258080362812e-06
1.48600000000003e-06,1.839858314322719e-06
1.48700000000003e-06,1.933675206114035e-06
1.48800000000003e-06,2.022118698467329e-06
1.48900000000003e-06,2.104779294076962e-06
1.49000000000003e-06,2.181419217236095e-06
1.49100000000003e-06,2.251955842226233e-06
1.49200000000003e-06,2.316440104322904e-06
1.49300000000003e-06,2.37503244585228e-06
1.494000000000031e-06,2.427978440180015e-06
1.495000000000031e-06,2.475585709361892e-06
1.496000000000031e-06,2.518203211160962e-06
1.497000000000031e-06,2.556203488926719e-06
1.498000000000031e-06,2.589968090596072e-06
1.499000000000031e-06,2.619876081386577e-06
1.500000000000031e-06,2.646295391461701e-06
1.501000000000031e-06,-5.531481142714703e-07
1.502000000000031e-06,7.226865364854754e-08
1.503000000000031e-06,3.109395606364881e-08
1.504000000000031e-06,3.085001202409187e-08
1.505000000000031e-06,3.304856048426219e-08
1.506000000000031e-06,3.558971831084001e-08
1.507000000000031e-06,3.838761099274216e-08
1.508000000000032e-06,4.145923974211073e-08
1.509000000000032e-06,4.482774534386372e-08
1.510000000000032e-06,4.851796461417655e-08
1.511000000000032e-06,5.255625332609467e-08
1.512000000000032e-06,5.69704879410917e-08
1.513000000000032e-06,6.179006149180912e-08
1.514000000000032e-06,6.704586397514005e-08
1.515000000000032e-06,7.277024503701944e-08
1.516000000000032e-06,7.899695692708786e-08
1.517000000000032e-06,8.576107566370027e-08
1.518000000000032e-06,9.309889835308206e-08
1.519000000000032e-06,1.010478146548695e-07
1.520000000000032e-06,1.096461504802667e-07
1.521000000000033e-06,1.189329821514789e-07
1.522000000000033e-06,1.289479194475758e-07
1.523000000000033e-06,1.397308562176796e-07
1.524000000000033e-06,1.513216875653753e-07
1.525000000000033e-06,1.637599930043948e-07
1.526000000000033e-06,-1.518702568821275e-07
1.527000000000033e-06,3.683409706197506e-08
1.528000000000033e-06,3.775094946015746e-08
1.529000000000033e-06,4.05947787415887e-08
1.530000000000033e-06,4.386223060502299e-08
1.531000000000033e-06,4.744774304641041e-08
1.532000000000033e-06,5.136872668942412e-08
1.533000000000033e-06,5.565047497016005e-08
1.534000000000034e-06,6.031979679252246e-08
1.535000000000034e-06,6.54045967419259e-08
1.536000000000034e-06,7.0933743349112e-08
1.537000000000034e-06,7.693693292910856e-08
1.538000000000034e-06,8.344452915187134e-08
1.539000000000034e-06,9.048737410707897e-08
1.540000000000034e-06,9.809656866802892e-08
1.541000000000034e-06,1.063032208811172e-07
1.542000000000034e-06,1.151381618312619e-07
1.543000000000034e-06,1.246316291433603e-07
1.544000000000034e-06,1.348129190460702e-07
1.545000000000034e-06,1.457100087712101e-07
1.546000000000034e-06,1.573491519987352e-07
1.547000000000034e-06,1.697544510757034e-07
1.548000000000035e-06,1.829474108260506e-07
1.549000000000035e-06,1.969464799036093e-07
1.550000000000035e-06,2.117665867945881e-07
1.551000000000035e-06,-3.96160981145725e-07
1.552000000000035e-06,4.367096557342942e-08
1.553000000000035e-06,1.039304106760657e-08
1.554000000000035e-06,8.517365284969779e-09
1.555000000000035e-06,8.615719483440095e-09
1.556000000000035e-06,8.833969769015861e-09
1.557000000000035e-06,9.069429762318157e-09
1.558000000000035e-06,9.317259225393002e-09
1.559000000000035e-06,9.577742419954634e-09
1.560000000000035e-06,9.851457086708076e-09
1.561000000000036e-06,1.013902681591881e-08
1.562000000000036e-06,1.044110609111042e-08
1.563000000000036e-06,1.07583786958906e-08
1.564000000000036e-06,1.109155770702456e-08
1.565000000000036e-06,1.144138599283859e-08
1.566000000000036e-06,1.180863692501328e-08
1.567000000000036e-06,1.219411517988842e-08
1.568000000000036e-06,1.25986575727735e-08
1.569000000000036e-06,1.302313389839114e-08
1.570000000000036e-06,1.346844776334663e-08
1.571000000000036e-06,1.393553740188502e-08
1.572000000000036e-06,1.442537646825557e-08
1.573000000000036e-06,1.493897479972889e-08
1.574000000000037e-06,1.547737914436235e-08
1.575000000000037e-06,1.604167384741811e-08
1.576000000000037e-06,-4.316209004123295e-07
1.577000000000037e-06,-3.37058662861895e-09
1.578000000000037e-06,-5.797739383597812e-12
1.579000000000037e-06,6.164183508651421e-11
1.580000000000037e-06,6.339759252869038e-11
1.581000000000037e-06,6.34996078995867e-11
1.582000000000037e-06,6.347594417191135e-11
1.583000000000037e-06,6.347013211290306e-11
1.584000000000037e-06,6.346938764561372e-11
1.585000000000037e-06,6.346885548617825e-11
1.586000000000037e-06,6.346819848106022e-11
1.587000000000037e-06,6.346751718436182e-11
1.588000000000038e-06,6.346683652034234e-11
1.589000000000038e-06,6.346615679741094e-11
1.590000000000038e-06,6.346547718597124e-11
1.591000000000038e-06,6.346479757405174e-11
1.592000000000038e-06,6.346411797047613e-11
1.593000000000038e-06,6.346343837977637e-11
1.594000000000038e-06,6.346275880388998e-11
1.595000000000038e-06,6.34620792442589e-11
1.596000000000038e-06,6.346139969668607e-11
1.597000000000038e-06,6.346072016487857e-11
1.598000000000038e-06,6.34600406476631e-11
1.599000000000038e-06,6.345936114195833e-11
1.600000000000038e-06,6.345868165560384e-11
